{
  "lifetime_universe": {
    "n": 10024,
    "n_w": 3864,
    "n_l": 5044,
    "n_f": 1116,
    "wr": 0.4337674000898069
  },
  "live_universe": {
    "n_total": 0
  },
  "subregime_distribution": {
    "recovery_bull": {
      "n": 323,
      "pct": 0.03222266560255387,
      "wr": 0.3566666666666667,
      "lift_pp": -7.710073342314022
    },
    "healthy_bull": {
      "n": 1159,
      "pct": 0.11562250598563448,
      "wr": 0.4051383399209486,
      "lift_pp": -2.8629060168858302
    },
    "normal_bull": {
      "n": 7316,
      "pct": 0.7298483639265763,
      "wr": 0.42620435716477445,
      "lift_pp": -0.7563042925032459
    },
    "late_bull": {
      "n": 1079,
      "pct": 0.10764166001596169,
      "wr": 0.5301587301587302,
      "lift_pp": 9.639133006892326
    },
    "unknown": {
      "n": 147,
      "pct": 0.014664804469273743,
      "wr": 0.5112781954887218,
      "lift_pp": 7.751079539891487
    }
  },
  "by_sector": {
    "Auto": {
      "n": 746,
      "wr": 0.3940740740740741,
      "lift_pp": -3.9693326015732833
    },
    "Bank": {
      "n": 1829,
      "wr": 0.46239900559353636,
      "lift_pp": 2.863160550372945
    },
    "CapGoods": {
      "n": 646,
      "wr": 0.4209621993127148,
      "lift_pp": -1.280520077709213
    },
    "Chem": {
      "n": 875,
      "wr": 0.4274711168164313,
      "lift_pp": -0.6296283273375614
    },
    "Energy": {
      "n": 941,
      "wr": 0.43162901307966706,
      "lift_pp": -0.21383870101398528
    },
    "FMCG": {
      "n": 931,
      "wr": 0.39344262295081966,
      "lift_pp": -4.032477713898724
    },
    "Health": {
      "n": 235,
      "wr": 0.46261682242990654,
      "lift_pp": 2.884942234009963
    },
    "IT": {
      "n": 756,
      "wr": 0.43283582089552236,
      "lift_pp": -0.09315791942845486
    },
    "Infra": {
      "n": 727,
      "wr": 0.4254992319508449,
      "lift_pp": -0.8268168138962029
    },
    "Metal": {
      "n": 800,
      "wr": 0.476775956284153,
      "lift_pp": 4.300855619434607
    },
    "Other": {
      "n": 620,
      "wr": 0.4194139194139194,
      "lift_pp": -1.4353480675887487
    },
    "Pharma": {
      "n": 847,
      "wr": 0.4325767690253672,
      "lift_pp": -0.11906310644397289
    }
  },
  "by_year": {
    "2011": {
      "n": 183,
      "n_w": 94,
      "n_l": 74,
      "n_f": 15,
      "wr": 0.5595238095238095
    },
    "2012": {
      "n": 659,
      "n_w": 241,
      "n_l": 345,
      "n_f": 73,
      "wr": 0.4112627986348123
    },
    "2013": {
      "n": 594,
      "n_w": 246,
      "n_l": 271,
      "n_f": 77,
      "wr": 0.4758220502901354
    },
    "2014": {
      "n": 847,
      "n_w": 317,
      "n_l": 456,
      "n_f": 74,
      "wr": 0.41009055627425617
    },
    "2015": {
      "n": 284,
      "n_w": 129,
      "n_l": 125,
      "n_f": 30,
      "wr": 0.5078740157480315
    },
    "2016": {
      "n": 660,
      "n_w": 220,
      "n_l": 360,
      "n_f": 80,
      "wr": 0.3793103448275862
    },
    "2017": {
      "n": 896,
      "n_w": 334,
      "n_l": 439,
      "n_f": 123,
      "wr": 0.4320827943078913
    },
    "2018": {
      "n": 568,
      "n_w": 300,
      "n_l": 209,
      "n_f": 59,
      "wr": 0.5893909626719057
    },
    "2019": {
      "n": 718,
      "n_w": 302,
      "n_l": 318,
      "n_f": 98,
      "wr": 0.4870967741935484
    },
    "2020": {
      "n": 841,
      "n_w": 305,
      "n_l": 455,
      "n_f": 81,
      "wr": 0.40131578947368424
    },
    "2021": {
      "n": 1081,
      "n_w": 376,
      "n_l": 592,
      "n_f": 113,
      "wr": 0.3884297520661157
    },
    "2022": {
      "n": 512,
      "n_w": 236,
      "n_l": 226,
      "n_f": 50,
      "wr": 0.5108225108225108
    },
    "2023": {
      "n": 637,
      "n_w": 189,
      "n_l": 358,
      "n_f": 90,
      "wr": 0.34552102376599636
    },
    "2024": {
      "n": 858,
      "n_w": 340,
      "n_l": 444,
      "n_f": 74,
      "wr": 0.4336734693877551
    },
    "2025": {
      "n": 686,
      "n_w": 235,
      "n_l": 372,
      "n_f": 79,
      "wr": 0.3871499176276771
    }
  }
}