{
  "total_bear_uptri": 492,
  "horizon_breakdown": {
    "D6": 390,
    "D15": 53,
    "D10": 49
  },
  "groups": {
    "VALIDATED": {
      "count": 64,
      "lifetime": {
        "test_wr_mean": 0.7211166022723932,
        "test_wr_median": 0.7333333333333333,
        "baseline_wr_mean": 0.5313424614625671,
        "edge_pp_mean": 0.18977414080982596,
        "drift_train_test_mean": 0.06848718902520136,
        "test_n_mean": 88.71875,
        "test_n_median": 39.0
      },
      "live": {
        "live_n_mean": 21.65625,
        "live_n_median": 23.0,
        "live_n_total": 1386,
        "live_w_total": 1232,
        "live_l_total": 154,
        "live_wr_mean": 0.9019024037260214
      },
      "horizon_distribution": {
        "D15": 28,
        "D10": 20,
        "D6": 16
      },
      "phase_4_tier_distribution": {
        "S": 45,
        "A": 15,
        "B": 4
      },
      "feature_count_distribution": {
        "1": 3,
        "2": 18,
        "3": 42,
        "4": 1
      }
    },
    "PRELIMINARY": {
      "count": 23,
      "lifetime": {
        "test_wr_mean": 0.6635311385996869,
        "test_wr_median": 0.6506024096385542,
        "baseline_wr_mean": 0.5200121402371625,
        "edge_pp_mean": 0.14351899836252463,
        "drift_train_test_mean": 0.09579629215230578,
        "test_n_mean": 127.21739130434783,
        "test_n_median": 98.0
      },
      "live": {
        "live_n_mean": 7.739130434782608,
        "live_n_median": 7.0,
        "live_n_total": 178,
        "live_w_total": 166,
        "live_l_total": 12,
        "live_wr_mean": 0.9557118499573742
      },
      "horizon_distribution": {
        "D6": 18,
        "D10": 3,
        "D15": 2
      },
      "phase_4_tier_distribution": {
        "A": 19,
        "S": 4
      },
      "feature_count_distribution": {
        "2": 2,
        "3": 21
      }
    },
    "REJECTED": {
      "count": 0
    },
    "WATCH": {
      "count": 405,
      "lifetime": {
        "test_wr_mean": 0.650357212782874,
        "test_wr_median": 0.6428571428571429,
        "baseline_wr_mean": 0.5183200840121825,
        "edge_pp_mean": 0.13203712877069143,
        "drift_train_test_mean": 0.06374791689443508,
        "test_n_mean": 168.78765432098766,
        "test_n_median": 148.0
      },
      "live": {
        "live_n_mean": 0.41975308641975306,
        "live_n_median": 0.0,
        "live_n_total": 170,
        "live_w_total": 153,
        "live_l_total": 17,
        "live_wr_mean": 0.9432863113897597
      },
      "horizon_distribution": {
        "D6": 356,
        "D10": 26,
        "D15": 23
      },
      "phase_4_tier_distribution": {
        "A": 251,
        "S": 104,
        "B": 50
      },
      "feature_count_distribution": {
        "1": 1,
        "2": 39,
        "3": 318,
        "4": 47
      }
    }
  },
  "live_signal_universe": {
    "n_total": 74,
    "n_w": 70,
    "n_l": 4,
    "n_f": 0,
    "wr_excl_flat": 0.9459459459459459,
    "sector_distribution": {
      "Metal": 13,
      "Auto": 9,
      "Energy": 8,
      "Infra": 8,
      "Bank": 8,
      "IT": 7,
      "FMCG": 7,
      "Other": 5,
      "Chem": 4,
      "Pharma": 2,
      "Health": 2,
      "Infrastructure": 1
    },
    "sector_wr": {
      "Auto": {
        "n": 9,
        "wr": 1.0
      },
      "Bank": {
        "n": 8,
        "wr": 1.0
      },
      "Chem": {
        "n": 4,
        "wr": 0.75
      },
      "Energy": {
        "n": 8,
        "wr": 0.75
      },
      "FMCG": {
        "n": 7,
        "wr": 1.0
      },
      "Health": {
        "n": 2,
        "wr": 1.0
      },
      "IT": {
        "n": 7,
        "wr": 1.0
      },
      "Infra": {
        "n": 8,
        "wr": 0.875
      },
      "Infrastructure": {
        "n": 1,
        "wr": 1.0
      },
      "Metal": {
        "n": 13,
        "wr": 1.0
      },
      "Other": {
        "n": 5,
        "wr": 1.0
      },
      "Pharma": {
        "n": 2,
        "wr": 1.0
      }
    },
    "vol_regime_distribution": {
      "High": 74
    },
    "day_of_week_distribution": {
      "Thu": 38,
      "Mon": 20,
      "Wed": 11,
      "Fri": 4,
      "Tue": 1
    }
  }
}