{
  "lifetime_universe": {
    "n": 2685,
    "n_w": 1229,
    "n_l": 1174,
    "n_f": 282,
    "wr": 0.5114440282979609
  },
  "live_universe": {
    "n_total": 0
  },
  "subregime_distribution": {
    "recovery_bull": {
      "n": 70,
      "pct": 0.0260707635009311,
      "wr": 0.5737704918032787,
      "lift_pp": 6.232646350531779,
      "bull_uptri_wr": 0.602
    },
    "healthy_bull": {
      "n": 333,
      "pct": 0.12402234636871508,
      "wr": 0.5340136054421769,
      "lift_pp": 2.2569577144216035,
      "bull_uptri_wr": 0.584
    },
    "normal_bull": {
      "n": 2011,
      "pct": 0.748975791433892,
      "wr": 0.5149833518312985,
      "lift_pp": 0.3539323533337635,
      "bull_uptri_wr": 0.513
    },
    "late_bull": {
      "n": 268,
      "pct": 0.09981378026070764,
      "wr": 0.43621399176954734,
      "lift_pp": -7.5230036528413535,
      "bull_uptri_wr": 0.451
    },
    "unknown": {
      "n": 3,
      "pct": 0.0011173184357541898,
      "wr": 1.0,
      "lift_pp": 48.855597170203914,
      "bull_uptri_wr": null
    }
  },
  "by_sector": {
    "Auto": {
      "n": 273,
      "wr": 0.5204918032786885,
      "lift_pp": 0.9047774980727619
    },
    "Bank": {
      "n": 508,
      "wr": 0.4563758389261745,
      "lift_pp": -5.506818937178637
    },
    "CapGoods": {
      "n": 131,
      "wr": 0.5210084033613446,
      "lift_pp": 0.9564375063383701
    },
    "Chem": {
      "n": 260,
      "wr": 0.4723404255319149,
      "lift_pp": -3.9103602766045964
    },
    "Energy": {
      "n": 211,
      "wr": 0.5284974093264249,
      "lift_pp": 1.7053381028463988
    },
    "FMCG": {
      "n": 276,
      "wr": 0.5462184873949579,
      "lift_pp": 3.4774459096997057
    },
    "IT": {
      "n": 207,
      "wr": 0.5675675675675675,
      "lift_pp": 5.612353926960667
    },
    "Infra": {
      "n": 211,
      "wr": 0.5228426395939086,
      "lift_pp": 1.139861129594777
    },
    "Metal": {
      "n": 165,
      "wr": 0.46794871794871795,
      "lift_pp": -4.349531034924292
    },
    "Other": {
      "n": 133,
      "wr": 0.5,
      "lift_pp": -1.1444028297960873
    },
    "Pharma": {
      "n": 238,
      "wr": 0.5920398009950248,
      "lift_pp": 8.059577269706397
    }
  },
  "direction_alignment": {
    "verdict": "\u2713 ALIGNED (3/4) \u2014 Bull BULL_PROXY follows Bull UP_TRI direction (both bullish cells)",
    "aligned_count": 3,
    "diverge_count": 1
  }
}