{
  "lifetime_baseline_wr": 0.4613511868533171,
  "live_baseline_wr": 0.18181818181818182,
  "candidates": [
    {
      "name": "Verdict A \u2014 FILTER: wk2/wk3 timing",
      "lifetime": {
        "name": "Verdict A \u2014 FILTER: wk2/wk3 timing",
        "cohort": "lifetime",
        "n_input": 3640,
        "match_count": 1446,
        "match_rate": 0.39725274725274723,
        "matched_wr": 0.5361305361305362,
        "skipped_wr": 0.4132066033016508,
        "baseline_wr": 0.4613511868533171,
        "lift_over_baseline_pp": 7.477934927721908,
        "match_W_L": [
          690,
          597
        ],
        "skip_W_L": [
          826,
          1173
        ]
      },
      "live": {
        "name": "Verdict A \u2014 FILTER: wk2/wk3 timing",
        "cohort": "live",
        "n_input": 11,
        "match_count": 1,
        "match_rate": 0.09090909090909091,
        "matched_wr": 0.0,
        "skipped_wr": 0.2,
        "baseline_wr": 0.18181818181818182,
        "lift_over_baseline_pp": -18.181818181818183,
        "match_W_L": [
          0,
          1
        ],
        "skip_W_L": [
          2,
          8
        ]
      }
    },
    {
      "name": "Verdict B \u2014 FILTER: wk2/wk3 + High vol + HHs intact",
      "lifetime": {
        "name": "Verdict B \u2014 FILTER: wk2/wk3 + High vol + HHs intact",
        "cohort": "lifetime",
        "n_input": 3640,
        "match_count": 145,
        "match_rate": 0.03983516483516483,
        "matched_wr": 0.5606060606060606,
        "skipped_wr": 0.45719720989220036,
        "baseline_wr": 0.4613511868533171,
        "lift_over_baseline_pp": 9.925487375274344,
        "match_W_L": [
          74,
          58
        ],
        "skip_W_L": [
          1442,
          1712
        ]
      },
      "live": {
        "name": "Verdict B \u2014 FILTER: wk2/wk3 + High vol + HHs intact",
        "cohort": "live",
        "n_input": 11,
        "match_count": 0,
        "match_rate": 0.0,
        "matched_wr": null,
        "skipped_wr": 0.18181818181818182,
        "baseline_wr": 0.18181818181818182,
        "lift_over_baseline_pp": null,
        "match_W_L": [
          0,
          0
        ],
        "skip_W_L": [
          2,
          9
        ]
      }
    },
    {
      "name": "Verdict C \u2014 KILL extension: kill Bank+Auto+Energy+Metal",
      "lifetime": {
        "name": "Verdict C \u2014 KILL extension: kill Bank+Auto+Energy+Metal",
        "cohort": "lifetime",
        "n_input": 3640,
        "match_count": 2087,
        "match_rate": 0.5733516483516483,
        "matched_wr": 0.488,
        "skipped_wr": 0.42593905031892276,
        "baseline_wr": 0.4613511868533171,
        "lift_over_baseline_pp": 2.664881314668288,
        "match_W_L": [
          915,
          960
        ],
        "skip_W_L": [
          601,
          810
        ]
      },
      "live": {
        "name": "Verdict C \u2014 KILL extension: kill Bank+Auto+Energy+Metal",
        "cohort": "live",
        "n_input": 11,
        "match_count": 3,
        "match_rate": 0.2727272727272727,
        "matched_wr": 0.6666666666666666,
        "skipped_wr": 0.0,
        "baseline_wr": 0.18181818181818182,
        "lift_over_baseline_pp": 48.48484848484848,
        "match_W_L": [
          2,
          1
        ],
        "skip_W_L": [
          0,
          8
        ]
      }
    },
    {
      "name": "Verdict D \u2014 DEFERRED baseline (kill_001 only)",
      "lifetime": {
        "name": "Verdict D \u2014 DEFERRED baseline (kill_001 only)",
        "cohort": "lifetime",
        "n_input": 3640,
        "match_count": 2987,
        "match_rate": 0.8206043956043956,
        "matched_wr": 0.463768115942029,
        "skipped_wr": 0.4504201680672269,
        "baseline_wr": 0.4613511868533171,
        "lift_over_baseline_pp": 0.24169290887118833,
        "match_W_L": [
          1248,
          1443
        ],
        "skip_W_L": [
          268,
          327
        ]
      },
      "live": {
        "name": "Verdict D \u2014 DEFERRED baseline (kill_001 only)",
        "cohort": "live",
        "n_input": 11,
        "match_count": 5,
        "match_rate": 0.45454545454545453,
        "matched_wr": 0.4,
        "skipped_wr": 0.0,
        "baseline_wr": 0.18181818181818182,
        "lift_over_baseline_pp": 21.81818181818182,
        "match_W_L": [
          2,
          3
        ],
        "skip_W_L": [
          0,
          6
        ]
      }
    }
  ],
  "final_verdict": "DEFERRED with provisional Verdict A filter",
  "rationale": [
    "Lifetime lift +7.5pp on n=1446 is meaningful, but live matches n=1 too thin to validate.",
    "Production: maintain kill_001 (Bank exclusion); apply wk2/wk3 timing as PROVISIONAL filter; mark cell DEFERRED until 20+ more live signals accumulate."
  ],
  "production_action": "Maintain kill_001 (Bank exclusion). Apply wk2/wk3 timing as PROVISIONAL FILTER for non-Bank Bear DOWN_TRI signals. Cell marked DEFERRED until \u226520 additional live signals accumulate with \u226550% matched WR under the wk2/wk3 + Bank-exclusion rule.",
  "session_2_recommendation": "DO NOT proceed to Session 2 (lifetime validation). The cell lacks Phase 5 winners to validate, and live data is too thin to support filter back-test. Re-evaluate at quarterly Phase 5 re-run (estimated 6-12 months for sufficient live samples to accumulate)."
}