{
  "rule_id": "rule_019_bear_uptri_hot_refinement",
  "baseline": {
    "recorded_mean_lift_pp": 17.2208,
    "recorded_pct_positive": 0.7826,
    "reproduced_mean_lift_pp": 17.22080333296446,
    "reproduced_pct_positive": 0.782608695652174,
    "reproduction_ok": true,
    "tolerance_lift_pp": 0.5,
    "tolerance_positive": 0.02
  },
  "stage_1_option_B_global_shuffle": {
    "n_trials": 100,
    "shuffle_lift_distribution": {
      "mean": -0.009695397861800488,
      "std": 0.03631993638737096,
      "min": -0.08221766094687961,
      "max": 0.0867329039309172,
      "p05": -0.0715064562727164,
      "p50": -0.013112573179648666,
      "p95": 0.05030594065134108,
      "all_values": [
        -0.008257733147672777,
        -0.0016962356447293642,
        0.06721553929558277,
        -0.017619953137029788,
        -0.040253390587728734,
        0.041521336564296615,
        -0.019393335797274182,
        -0.04411091948346351,
        -0.02295045908818126,
        -0.02050308368371467,
        -0.05474374954767592,
        -0.021089876859768934,
        -0.06276634113175125,
        -0.016719241670927264,
        -0.03531411578001002,
        -0.0389759801648744,
        -0.04760989788008893,
        0.03799885625129236,
        -0.0025251281617624075,
        0.026024426591336917,
        -0.04758331000535751,
        -0.01641385386578728,
        0.009443428052292846,
        0.02677240740962948,
        0.013807243912179247,
        -0.04111792755889891,
        -0.0031256608398857514,
        0.026099534480858822,
        -0.034258650372610895,
        -0.036480135005945914,
        -0.011417388354694172,
        -0.02965615673415078,
        0.017523469144073274,
        -0.021211759062495318,
        -0.02756885630455363,
        0.045773197574078106,
        -0.02184716961980609,
        -0.043269453209570576,
        -0.004548425952160132,
        0.06784000950292236,
        -0.027695619996527934,
        -0.018155106160671803,
        0.019768451735583607,
        -0.02080718555674397,
        -0.0005187614909389421,
        0.04255974751840539,
        -0.03914259679627143,
        -0.024450821815942454,
        -0.03291584865811299,
        0.0867329039309172,
        0.06672173939734222,
        -0.03416912673888932,
        0.050031806266476686,
        0.022839077317390075,
        0.03840391233606073,
        0.005700610435304034,
        -0.045239406078933765,
        -0.0463456151109076,
        -0.052956342841552484,
        0.030292452426024793,
        -0.044658381866129644,
        0.009157740866642172,
        0.006893319798930223,
        0.005972999237083723,
        0.03497740930983486,
        0.024862488668340434,
        0.01948681916418881,
        -0.014350834178784484,
        0.03622752889489012,
        0.003814418211677876,
        -0.07706761611885143,
        -0.062165017011224274,
        -0.018939836626627914,
        -0.08213826236221519,
        0.015092122911348229,
        -0.026444685124618283,
        -0.024869407270667936,
        0.007205350398644334,
        0.011369741706145919,
        -0.08221766094687961,
        -0.010097975828850908,
        -0.011084679994413964,
        -0.07765829649763983,
        -0.02912721839128237,
        0.05551449396376482,
        -0.02289435624146627,
        0.005574983878825601,
        0.02540979438490967,
        -0.039817543671628,
        -0.011874312180512847,
        0.022137102588577283,
        -0.07133230779906531,
        -0.04199871990949843,
        -0.07481527727208706,
        -0.008334762932363146,
        -0.00298147397565225,
        0.007585982484581829,
        -0.055161197927162675,
        0.023787859165393315,
        -0.0022256479301906197
      ]
    },
    "shuffle_pct_positive_distribution": {
      "mean": 0.47541501976284584,
      "std": 0.12420099150286998,
      "min": 0.21739130434782608,
      "max": 0.8260869565217391,
      "p05": 0.2608695652173913,
      "p50": 0.4782608695652174,
      "p95": 0.6956521739130435,
      "all_values": [
        0.43478260869565216,
        0.4782608695652174,
        0.6521739130434783,
        0.2608695652173913,
        0.30434782608695654,
        0.391304347826087,
        0.4782608695652174,
        0.2608695652173913,
        0.45454545454545453,
        0.43478260869565216,
        0.30434782608695654,
        0.5652173913043478,
        0.391304347826087,
        0.43478260869565216,
        0.5652173913043478,
        0.43478260869565216,
        0.30434782608695654,
        0.4782608695652174,
        0.4782608695652174,
        0.5217391304347826,
        0.2608695652173913,
        0.6086956521739131,
        0.5217391304347826,
        0.6086956521739131,
        0.5652173913043478,
        0.2608695652173913,
        0.5217391304347826,
        0.4782608695652174,
        0.5652173913043478,
        0.4782608695652174,
        0.5652173913043478,
        0.34782608695652173,
        0.5217391304347826,
        0.43478260869565216,
        0.391304347826087,
        0.5652173913043478,
        0.7391304347826086,
        0.5652173913043478,
        0.4782608695652174,
        0.43478260869565216,
        0.43478260869565216,
        0.4782608695652174,
        0.6521739130434783,
        0.4782608695652174,
        0.5217391304347826,
        0.43478260869565216,
        0.43478260869565216,
        0.391304347826087,
        0.5652173913043478,
        0.6521739130434783,
        0.6956521739130435,
        0.5652173913043478,
        0.5217391304347826,
        0.5217391304347826,
        0.43478260869565216,
        0.391304347826087,
        0.30434782608695654,
        0.4782608695652174,
        0.391304347826087,
        0.5217391304347826,
        0.4782608695652174,
        0.43478260869565216,
        0.6086956521739131,
        0.4782608695652174,
        0.6521739130434783,
        0.43478260869565216,
        0.5217391304347826,
        0.30434782608695654,
        0.6956521739130435,
        0.6521739130434783,
        0.43478260869565216,
        0.43478260869565216,
        0.34782608695652173,
        0.391304347826087,
        0.4782608695652174,
        0.5217391304347826,
        0.43478260869565216,
        0.782608695652174,
        0.6521739130434783,
        0.21739130434782608,
        0.21739130434782608,
        0.5217391304347826,
        0.30434782608695654,
        0.2608695652173913,
        0.7391304347826086,
        0.391304347826087,
        0.5652173913043478,
        0.8260869565217391,
        0.391304347826087,
        0.4782608695652174,
        0.5652173913043478,
        0.391304347826087,
        0.391304347826087,
        0.34782608695652173,
        0.391304347826087,
        0.5217391304347826,
        0.5217391304347826,
        0.5217391304347826,
        0.34782608695652173,
        0.4782608695652174
      ]
    },
    "elapsed_seconds": 51.14,
    "mean_match_n_avg": 191.2599011857708,
    "verdict": {
      "z_score_lift": 5.0083631549171965,
      "real_lift_above_shuffle_p95": true,
      "decision": "PASS",
      "decision_rationale": "real_lift 0.1722 > shuffle p95 0.0503; z=5.01",
      "z_score_positive": 2.4733592878139756
    }
  },
  "stage_2_option_A_rule_matching_shuffle": {
    "ran": false,
    "skipped_reason": "stage 1 PASS"
  }
}