{
  "total_choppy_uptri": 1085,
  "horizon_breakdown": {
    "D5": 585,
    "D6": 500
  },
  "groups": {
    "VALIDATED": {
      "count": 18,
      "lifetime": {
        "test_wr_mean": 0.5631851506828982,
        "test_wr_median": 0.5629770992366412,
        "baseline_wr_mean": 0.49380804953560375,
        "edge_pp_mean": 0.06937710114729446,
        "drift_train_test_mean": 0.07686187542094287,
        "test_n_mean": 907.7222222222222,
        "test_n_median": 805.5
      },
      "live": {
        "live_n_mean": 18.0,
        "live_n_median": 19.0,
        "live_n_total": 324,
        "live_w_total": 172,
        "live_l_total": 134,
        "live_wr_mean": 0.5639899411829236
      },
      "horizon_distribution": {
        "D5": 18
      },
      "phase_4_tier_distribution": {
        "B": 18
      },
      "feature_count_distribution": {
        "2": 2,
        "3": 16
      }
    },
    "PRELIMINARY": {
      "count": 37,
      "lifetime": {
        "test_wr_mean": 0.5578281573670819,
        "test_wr_median": 0.5563310069790628,
        "baseline_wr_mean": 0.4922063097542318,
        "edge_pp_mean": 0.06562184761285027,
        "drift_train_test_mean": 0.0683620880462144,
        "test_n_mean": 902.8108108108108,
        "test_n_median": 966.0
      },
      "live": {
        "live_n_mean": 8.054054054054054,
        "live_n_median": 6.0,
        "live_n_total": 298,
        "live_w_total": 182,
        "live_l_total": 110,
        "live_wr_mean": 0.6637201110885322
      },
      "horizon_distribution": {
        "D6": 19,
        "D5": 18
      },
      "phase_4_tier_distribution": {
        "B": 37
      },
      "feature_count_distribution": {
        "2": 3,
        "3": 34
      }
    },
    "REJECTED": {
      "count": 156,
      "lifetime": {
        "test_wr_mean": 0.5810550276233478,
        "test_wr_median": 0.5645161290322581,
        "baseline_wr_mean": 0.4923284397105711,
        "edge_pp_mean": 0.08872658791277672,
        "drift_train_test_mean": 0.07722204200852445,
        "test_n_mean": 673.6923076923077,
        "test_n_median": 660.0
      },
      "live": {
        "live_n_mean": 27.224358974358974,
        "live_n_median": 27.5,
        "live_n_total": 4247,
        "live_w_total": 1475,
        "live_l_total": 2722,
        "live_wr_mean": 0.3565961207218869
      },
      "horizon_distribution": {
        "D5": 82,
        "D6": 74
      },
      "phase_4_tier_distribution": {
        "B": 120,
        "S": 27,
        "A": 9
      },
      "feature_count_distribution": {
        "1": 1,
        "2": 18,
        "3": 137
      }
    },
    "WATCH": {
      "count": 874,
      "lifetime": {
        "test_wr_mean": 0.5837639457979441,
        "test_wr_median": 0.5778546712802768,
        "baseline_wr_mean": 0.49235552638929025,
        "edge_pp_mean": 0.09140841940865382,
        "drift_train_test_mean": 0.070275569593562,
        "test_n_mean": 479.31807780320366,
        "test_n_median": 387.0
      },
      "live": {
        "live_n_mean": 0.7299771167048055,
        "live_n_median": 0.0,
        "live_n_total": 638,
        "live_w_total": 341,
        "live_l_total": 293,
        "live_wr_mean": 0.4229351032448378
      },
      "horizon_distribution": {
        "D5": 467,
        "D6": 407
      },
      "phase_4_tier_distribution": {
        "B": 616,
        "A": 215,
        "S": 43
      },
      "feature_count_distribution": {
        "1": 3,
        "2": 82,
        "3": 789
      }
    }
  }
}