{
  "lifetime_n": 15151,
  "lifetime_baseline_wr": 0.5565179416260281,
  "subregime_distribution": {
    "hot": 2275,
    "cold": 12876,
    "unknown": 0
  },
  "hot_wr": 0.6826831588962893,
  "cold_wr": 0.5337286242158632,
  "by_sector": {
    "Auto": {
      "n": 1096,
      "wr": 0.5946481665014867,
      "lift_pp": 0.038130224875458585,
      "hot_n": 176,
      "hot_wr": 0.7425149700598802,
      "cold_n": 920,
      "cold_wr": 0.5653206650831354
    },
    "Bank": {
      "n": 2689,
      "wr": 0.5282635217568117,
      "lift_pp": -0.028254419869216396,
      "hot_n": 368,
      "hot_wr": 0.6371428571428571,
      "cold_n": 2321,
      "cold_wr": 0.510194404931247
    },
    "CapGoods": {
      "n": 1025,
      "wr": 0.5956756756756757,
      "lift_pp": 0.03915773404964762,
      "hot_n": 155,
      "hot_wr": 0.6357142857142857,
      "cold_n": 870,
      "cold_wr": 0.5885350318471337
    },
    "Chem": {
      "n": 1250,
      "wr": 0.5903829029385574,
      "lift_pp": 0.03386496131252936,
      "hot_n": 167,
      "hot_wr": 0.8013245033112583,
      "cold_n": 1083,
      "cold_wr": 0.5576131687242798
    },
    "Energy": {
      "n": 1486,
      "wr": 0.5029585798816568,
      "lift_pp": -0.05355936174437126,
      "hot_n": 236,
      "hot_wr": 0.5504587155963303,
      "cold_n": 1250,
      "cold_wr": 0.49382716049382713
    },
    "FMCG": {
      "n": 1416,
      "wr": 0.576138147566719,
      "lift_pp": 0.019620205940690916,
      "hot_n": 246,
      "hot_wr": 0.7601809954751131,
      "cold_n": 1170,
      "cold_wr": 0.5375118708452041
    },
    "Health": {
      "n": 311,
      "wr": 0.4857142857142857,
      "lift_pp": -0.07080365591174237,
      "hot_n": 42,
      "hot_wr": 0.32432432432432434,
      "cold_n": 269,
      "cold_wr": 0.5102880658436214
    },
    "IT": {
      "n": 1176,
      "wr": 0.5334608030592735,
      "lift_pp": -0.02305713856675462,
      "hot_n": 189,
      "hot_wr": 0.6081871345029239,
      "cold_n": 987,
      "cold_wr": 0.5188571428571429
    },
    "Infra": {
      "n": 1141,
      "wr": 0.5380173243503369,
      "lift_pp": -0.01850061727569119,
      "hot_n": 182,
      "hot_wr": 0.7202380952380952,
      "cold_n": 959,
      "cold_wr": 0.5028702640642939
    },
    "Metal": {
      "n": 1233,
      "wr": 0.5710549258936356,
      "lift_pp": 0.014536984267607522,
      "hot_n": 172,
      "hot_wr": 0.7125748502994012,
      "cold_n": 1061,
      "cold_wr": 0.5469387755102041
    },
    "Other": {
      "n": 947,
      "wr": 0.5927230046948356,
      "lift_pp": 0.03620506306880755,
      "hot_n": 158,
      "hot_wr": 0.7671232876712328,
      "cold_n": 789,
      "cold_wr": 0.556657223796034
    },
    "Pharma": {
      "n": 1279,
      "wr": 0.5770577933450087,
      "lift_pp": 0.02053985171898065,
      "hot_n": 167,
      "hot_wr": 0.7483443708609272,
      "cold_n": 1112,
      "cold_wr": 0.5509586276488395
    }
  },
  "by_dow": {
    "Mon": {
      "n": 2952,
      "wr": 0.5523952095808383,
      "lift_pp": -0.004122732045189759,
      "hot_wr": 0.7052631578947368,
      "cold_wr": 0.519344560764679
    },
    "Tue": {
      "n": 3000,
      "wr": 0.5773722627737227,
      "lift_pp": 0.020854321147694588,
      "hot_wr": 0.7507987220447284,
      "cold_wr": 0.5550061804697157
    },
    "Wed": {
      "n": 3113,
      "wr": 0.5634807417974322,
      "lift_pp": 0.00696280017140416,
      "hot_wr": 0.6887550200803213,
      "cold_wr": 0.5364267129228101
    },
    "Thu": {
      "n": 3255,
      "wr": 0.5491467576791809,
      "lift_pp": -0.007371183946847215,
      "hot_wr": 0.5437665782493368,
      "cold_wr": 0.5499412455934195
    },
    "Fri": {
      "n": 2822,
      "wr": 0.5392649903288201,
      "lift_pp": -0.01725295129720794,
      "hot_wr": 0.7220956719817767,
      "cold_wr": 0.5018639328984157
    }
  },
  "by_week_of_month": {
    "wk1": {
      "n": 3361,
      "wr": 0.5677799607072691,
      "lift_pp": 0.011262019081241026,
      "hot_wr": 0.8362989323843416,
      "cold_wr": 0.507223113964687
    },
    "wk2": {
      "n": 4574,
      "wr": 0.4928537398761315,
      "lift_pp": -0.06366420174989657,
      "hot_wr": 0.5746478873239437,
      "cold_wr": 0.48529794431433776
    },
    "wk3": {
      "n": 2941,
      "wr": 0.5343975674648422,
      "lift_pp": -0.02212037416118584,
      "hot_wr": 0.5082872928176796,
      "cold_wr": 0.5385632437197003
    },
    "wk4": {
      "n": 4275,
      "wr": 0.6320020746887967,
      "lift_pp": 0.07548413306276858,
      "hot_wr": 0.701093560145808,
      "cold_wr": 0.6132542037586548
    }
  },
  "by_month": {
    "1": {
      "n": 1003,
      "wr": 0.6130099228224918,
      "lift_pp": 0.0564919811964637
    },
    "2": {
      "n": 1363,
      "wr": 0.5284552845528455,
      "lift_pp": -0.028062657073182562
    },
    "3": {
      "n": 1944,
      "wr": 0.6284090909090909,
      "lift_pp": 0.07189114928306284
    },
    "4": {
      "n": 1332,
      "wr": 0.6932270916334662,
      "lift_pp": 0.1367091500074381
    },
    "5": {
      "n": 1575,
      "wr": 0.5919943820224719,
      "lift_pp": 0.03547644039644382
    },
    "6": {
      "n": 869,
      "wr": 0.4889753566796368,
      "lift_pp": -0.06754258494639126
    },
    "7": {
      "n": 685,
      "wr": 0.6547231270358306,
      "lift_pp": 0.0982051854098025
    },
    "8": {
      "n": 998,
      "wr": 0.5259009009009009,
      "lift_pp": -0.030617040725127165
    },
    "9": {
      "n": 1524,
      "wr": 0.5809935205183585,
      "lift_pp": 0.02447557889233043
    },
    "10": {
      "n": 614,
      "wr": 0.671957671957672,
      "lift_pp": 0.1154397303316439
    },
    "11": {
      "n": 1581,
      "wr": 0.5073477956613016,
      "lift_pp": -0.049170145964726464
    },
    "12": {
      "n": 1663,
      "wr": 0.30697674418604654,
      "lift_pp": -0.24954119743998154
    }
  },
  "by_year": {
    "2011": {
      "n": 1615,
      "wr": 0.4380622837370242,
      "lift_pp": -0.11845565788900386
    },
    "2012": {
      "n": 823,
      "wr": 0.6883468834688347,
      "lift_pp": 0.13182894184280658
    },
    "2013": {
      "n": 974,
      "wr": 0.6252796420581656,
      "lift_pp": 0.06876170043213747
    },
    "2014": {
      "n": 317,
      "wr": 0.6678445229681979,
      "lift_pp": 0.11132658134216977
    },
    "2015": {
      "n": 1697,
      "wr": 0.6022207707380797,
      "lift_pp": 0.04570282911205159
    },
    "2016": {
      "n": 1367,
      "wr": 0.49515347334410337,
      "lift_pp": -0.06136446828192471
    },
    "2017": {
      "n": 13,
      "wr": 0.7,
      "lift_pp": 0.14348205837397188
    },
    "2018": {
      "n": 1437,
      "wr": 0.6067848882035466,
      "lift_pp": 0.05026694657751851
    },
    "2019": {
      "n": 1004,
      "wr": 0.5139664804469274,
      "lift_pp": -0.04255146117910069
    },
    "2020": {
      "n": 975,
      "wr": 0.6121343445287107,
      "lift_pp": 0.05561640290268266
    },
    "2021": {
      "n": 582,
      "wr": 0.2528301886792453,
      "lift_pp": -0.3036877529467828
    },
    "2022": {
      "n": 1544,
      "wr": 0.6011355571327183,
      "lift_pp": 0.04461761550669019
    },
    "2023": {
      "n": 770,
      "wr": 0.608955223880597,
      "lift_pp": 0.052437282254568895
    },
    "2024": {
      "n": 580,
      "wr": 0.4188191881918819,
      "lift_pp": -0.13769875343414617
    },
    "2025": {
      "n": 1006,
      "wr": 0.5726681127982647,
      "lift_pp": 0.016150171172236605
    },
    "2026": {
      "n": 447,
      "wr": 0.6286407766990292,
      "lift_pp": 0.0721228350730011
    }
  },
  "hot_internal_features": {
    "top_10_winners": [
      {
        "feature_id": "multi_tf_alignment_score",
        "level": "0.0",
        "presence_n": 269,
        "presence_wr": 0.7657992565055762,
        "absence_wr": 0.6704855428259684,
        "delta_pp": 9.531371367960784
      },
      {
        "feature_id": "multi_tf_alignment_score",
        "level": "3.0",
        "presence_n": 269,